location_id,avg_temp,rainfall_mm,soil_ph
L001,24.39816157547097,258.3158087451697,5.615117520033289
L002,24.92996818054874,257.92362855891076,6.599057764647471
L003,30.087776841155577,118.24122060973806,6.383061002746754
L004,31.2856179415652,198.8840609405163,7.2754083655166
